Problem #,Problem Title (Link),Difficulty,Completed,Tags
1,[Container With Most Water](https://leetcode.com/problems/container-with-most-water),Medium,,
2,[3Sum](https://leetcode.com/problems/3sum),Medium,,
3,[Trapping Rain Water](https://leetcode.com/problems/trapping-rain-water),Hard,,
4,[Longest Substring Without Repeating Characters](https://leetcode.com/problems/longest-substring-without-repeating-characters),Medium,,
5,[Minimum Size Subarray Sum](https://leetcode.com/problems/minimum-size-subarray-sum),Medium,,
6,[Longest Increasing Subsequence](https://leetcode.com/problems/longest-increasing-subsequence),Medium,,
7,[Word Break](https://leetcode.com/problems/word-break),Medium,,
8,[House Robber II](https://leetcode.com/problems/house-robber-ii),Medium,,
9,[Regular Expression Matching](https://leetcode.com/problems/regular-expression-matching),Hard,,
10,[Partition Equal Subset Sum](https://leetcode.com/problems/partition-equal-subset-sum),Medium,,
11,[Merge K Sorted Lists](https://leetcode.com/problems/merge-k-sorted-lists),Hard,,
12,[Search in Rotated Sorted Array](https://leetcode.com/problems/search-in-rotated-sorted-array),Medium,,
13,[Majority Element II](https://leetcode.com/problems/majority-element-ii),Medium,,
14,[Kth Largest Element in an Array](https://leetcode.com/problems/kth-largest-element-in-an-array),Medium,,
15,[Maximum Subarray](https://leetcode.com/problems/maximum-subarray),Medium,,
16,[Assign Cookies](https://leetcode.com/problems/assign-cookies),Easy,,
17,[Gas Station](https://leetcode.com/problems/gas-station),Medium,,
18,[Jump Game II](https://leetcode.com/problems/jump-game-ii),Medium,,
19,[Minimum Number of Arrows to Burst Balloons](https://leetcode.com/problems/minimum-number-of-arrows-to-burst-balloons),Medium,,
20,[Task Scheduler](https://leetcode.com/problems/task-scheduler),Medium,,
21,[Validate Binary Search Tree](https://leetcode.com/problems/validate-binary-search-tree),Medium,,
22,[Serialize and Deserialize Binary Tree](https://leetcode.com/problems/serialize-and-deserialize-binary-tree),Hard,,
23,[Lowest Common Ancestor of a Binary Tree](https://leetcode.com/problems/lowest-common-ancestor-of-a-binary-tree),Medium,,
24,[Find Median from Data Stream](https://leetcode.com/problems/find-median-from-data-stream),Hard,,
25,[Top K Frequent Elements](https://leetcode.com/problems/top-k-frequent-elements),Medium,,
26,[Sliding Window Median](https://leetcode.com/problems/sliding-window-median),Hard,,
27,[Satisfiability of Equality Equations](https://leetcode.com/problems/satisfiability-of-equality-equations),Medium,,
28,[Number of Provinces](https://leetcode.com/problems/number-of-provinces),Medium,,
29,[Linked List Cycle II](https://leetcode.com/problems/linked-list-cycle-ii),Medium,,
30,[Reverse Nodes in k-Group](https://leetcode.com/problems/reverse-nodes-in-k-group),Hard,,
31,[Largest Rectangle in Histogram](https://leetcode.com/problems/largest-rectangle-in-histogram),Hard,,
32,[Implement Stack using Queues](https://leetcode.com/problems/implement-stack-using-queues),Easy,,
33,[Sliding Window Maximum](https://leetcode.com/problems/sliding-window-maximum),Hard,,
34,[Palindrome Partitioning](https://leetcode.com/problems/palindrome-partitioning),Medium,,
35,[Longest Palindromic Substring](https://leetcode.com/problems/longest-palindromic-substring),Medium,,
36,[Decode Ways](https://leetcode.com/problems/decode-ways),Medium,,
37,[Interleaving String](https://leetcode.com/problems/interleaving-string),Hard,,
38,[Distinct Subsequences](https://leetcode.com/problems/distinct-subsequences),Hard,,
39,[Edit Distance](https://leetcode.com/problems/edit-distance),Hard,,
40,[Minimum Path Sum](https://leetcode.com/problems/minimum-path-sum),Medium,,
41,[Unique Paths II](https://leetcode.com/problems/unique-paths-ii),Medium,,
42,[Burst Balloons](https://leetcode.com/problems/burst-balloons),Hard,,
43,[Cherry Pickup](https://leetcode.com/problems/cherry-pickup),Hard,,
44,[Find Peak Element](https://leetcode.com/problems/find-peak-element),Medium,,
45,[Median of Two Sorted Arrays](https://leetcode.com/problems/median-of-two-sorted-arrays),Hard,,
46,[Search a 2D Matrix II](https://leetcode.com/problems/search-a-2d-matrix-ii),Medium,,
47,[Count of Smaller Numbers After Self](https://leetcode.com/problems/count-of-smaller-numbers-after-self),Hard,,
48,[Reverse Pairs](https://leetcode.com/problems/reverse-pairs),Hard,,
49,[Reconstruct Itinerary](https://leetcode.com/problems/reconstruct-itinerary),Hard,,
50,[Minimum Window Substring](https://leetcode.com/problems/minimum-window-substring),Hard,,
51,[Subarrays with K Different Integers](https://leetcode.com/problems/subarrays-with-k-different-integers),Hard,,
52,[Longest Consecutive Sequence](https://leetcode.com/problems/longest-consecutive-sequence),Medium,,
53,[Find All Anagrams in a String](https://leetcode.com/problems/find-all-anagrams-in-a-string),Medium,,
54,[Longest Repeating Character Replacement](https://leetcode.com/problems/longest-repeating-character-replacement),Medium,,
55,[Minimum Swaps To Make Sequences Increasing](https://leetcode.com/problems/minimum-swaps-to-make-sequences-increasing),Hard,,
56,[Check If a String Contains All Binary Codes of Size K](https://leetcode.com/problems/check-if-a-string-contains-all-binary-codes-of-size-k),Medium,,
57,[Maximum Erasure Value](https://leetcode.com/problems/maximum-erasure-value),Medium,,
58,[Number of Submatrices That Sum to Target](https://leetcode.com/problems/number-of-submatrices-that-sum-to-target),Hard,,
59,[Range Sum Query 2D - Immutable](https://leetcode.com/problems/range-sum-query-2d-immutable),Medium,,
60,[Maximal Square](https://leetcode.com/problems/maximal-square),Medium,,
61,[Largest Plus Sign](https://leetcode.com/problems/largest-plus-sign),Medium,,
62,[Cut Off Trees for Golf Event](https://leetcode.com/problems/cut-off-trees-for-golf-event),Hard,,
63,[Swim in Rising Water](https://leetcode.com/problems/swim-in-rising-water),Hard,,
64,[Evaluate Division](https://leetcode.com/problems/evaluate-division),Medium,,
65,[Basic Calculator II](https://leetcode.com/problems/basic-calculator-ii),Medium,,
66,[Basic Calculator III](https://leetcode.com/problems/basic-calculator-iii),Hard,,